Day,Time,Show,Episode Title,Status,Matched File ID,Match Score
Monday June 29,12:10 AM,The Lease-Up - MHN Top Marketers,Top Marketers: Providing Value in a Multifamily Adjacent Space,MATCHED,2444229,100
Monday June 29,12:35 AM,The apartment department,Season 2 Episode 9 Supporting a Prospect First Experience with Technology,MATCHED,2370829,72
Monday June 29,1:15 AM,The NAA Apartmentcast,Season 1 Episode 12 The NAA Apartmentcast - Apartment Career Journeys - Kayla Quint,MATCHED,7889013,100
Monday June 29,2:00 AM,Multifamily Matters,29 Safety and Security at Multifamily Properties,MATCHED,2350696,93
Monday June 29,2:55 AM,ChangeMakers with Katie Goar,"84 Part:one Tanya Dempsey & Nicole Graham, Co-CEOs, CSG Advisors",MATCHED,2444298,70
Monday June 29,3:15 AM,The Lease-Up - MHN Management Diaries,Management Diaries: Are Your Properties Really Ready?,NEEDS UPLOAD,,67
Monday June 29,3:45 AM,The apartment department,Season 2 Episode 6 Are you Ready for the Future? Video Marketing 101,NEEDS UPLOAD,,68
Monday June 29,4:30 AM,The NAA Apartmentcast,Season 3 Episode 14 The NAA Apartmentcast - A Q4 Conversation with NAAEI President Kelli Lea,MATCHED,7889233,100
Monday June 29,4:55 AM,Multifamily Matters,121 Home Safe Home: How Millennial Preferences Are Redefining Multifamily Living,MATCHED,2350757,100
Monday June 29,5:50 AM,ChangeMakers with Katie Goar,"25 Part:one Evette Hester, Executive Director and CEO Housing Authority of New Orleans",NEEDS UPLOAD,,62
Monday June 29,6:10 AM,The Lease-Up - MHN Mission Success,Mission Success: How to Do Property Upgrades in a Cash-Tight Environment,NEEDS UPLOAD,,58
Monday June 29,6:35 AM,The apartment department,Season 2 Episode 7 Why Can't We All Just Get Along? The Argument for Unified Multifamily Marketing,MATCHED,2370827,78
Monday June 29,7:25 AM,The NAA Apartmentcast,"Season 4 Episode 1 Snappt – Trust, Transparency and Fraud Prevention as Powerful Amenities",NEEDS UPLOAD,,48
Monday June 29,8:15 AM,ChangeMakers with Katie Goar,"84 Part:two Tanya Dempsey & Nicole Graham, Co-CEOs, CSG Advisors",MATCHED,2444299,70
Monday June 29,8:40 AM,The Lease-Up - MHN Mission Success,How Bell Partners’ Lili Dunn Made Her Mark,NEEDS UPLOAD,,48
Monday June 29,9:00 AM,Multifamily - From The Ground Up,Episode - 002 Building Through the Cycle: Smart Multifamily Development in Today’s Market,NEEDS UPLOAD,,59
Monday June 29,9:40 AM,The apartment department,Season 1 Episode 3 Time is Money: Reducing Average Days Vacant for Increased Revenue,MATCHED,2370804,81
Monday June 29,10:00 AM,Multifamily Matters,431 Building A Superhighway To Housing,NEEDS UPLOAD,,55
Monday June 29,11:00 AM,The NAA Apartmentcast,Season 1 Episode 11 Apartment Career Journeys - Brett Frank,MATCHED,7889012,77
Monday June 29,11:30 AM,ChangeMakers with Katie Goar,"133 Maura Collins, Executive Director, Vermont Housing Finance Agency",NEEDS UPLOAD,,53
Monday June 29,12:15 PM,The Lease-Up - MHN Mission Success,"Mission Success: Another Challenge? Bring it On, Says Jennifer Rowe",MATCHED,2468333,100
Monday June 29,12:40 PM,The apartment department,Season 3 Episode 2 Automating the Routine to Elevate the Human Experience: AI Success with Arthur Kosmider and Brent Camp,NEEDS UPLOAD,,58
Monday June 29,1:15 PM,The NAA Apartmentcast,- Spotlight on Rental Housing Affinity Groups,MATCHED,7889225,80
Monday June 29,2:05 PM,ChangeMakers with Katie Goar,"76 Part:one Carol R. Naughton, Chief Executive Officer, Purpose Built Communities",MATCHED,2444282,76
Monday June 29,2:30 PM,Multifamily - From The Ground Up,Episode - 003 Staying Disciplined Through Uncertainty,NEEDS UPLOAD,,46
Monday June 29,3:20 PM,The Lease-Up - MHN NAA Insights,Where Will the Economy Be by Year-End?,MATCHED,2444241,100
Monday June 29,3:40 PM,Multifamily Matters,431 Building A Superhighway To Housing,NEEDS UPLOAD,,55
Monday June 29,4:30 PM,The apartment department,Season 2 Episode 2 Inside the Mind of an Operator: Stacey Hampton on Solving Occupancy Challenges and Selling Marketing,MATCHED,2370822,86
Monday June 29,5:20 PM,The NAA Apartmentcast,Season 3 Episode 13 The NAA Apartmentcast - Housing Dollars and Political Sense,MATCHED,7889232,100
Monday June 29,6:15 PM,ChangeMakers with Katie Goar,"97 Part:one Mariah Hayden, Executive Director, New Life Village",MATCHED,2444328,71
Monday June 29,6:45 PM,The Lease-Up - MHN Mission Success,"Mission Success: Another Challenge? Bring it On, Says Jennifer Rowe",MATCHED,2468333,100
Monday June 29,7:10 PM,The apartment department,"Season 1 Episode 13 The Blueprint Edition: AI, The Property Brothers, Data, Role Specialization, & Everything In-Between",MATCHED,2370815,86
Monday June 29,8:15 PM,The NAA Apartmentcast,Season 2 Episode 2 The NAA Apartmentcast - Federal Legislative Priorities for the Apartment Industry,MATCHED,7889015,100
Monday June 29,8:40 PM,Multifamily Matters,54 The Proptech Tsunami That Is Making Landfall in the Multifamily Spaces,MATCHED,2350677,95
Monday June 29,9:35 PM,ChangeMakers with Katie Goar,"8 Part:two Jason Géno, Founder and Managing Principal of Human Capital Initiatives",NEEDS UPLOAD,,55
Monday June 29,9:55 PM,The Lease-Up - MHN Mission Success,Mission Success: Multifamily Is Still at the Top of the Food Chain,MATCHED,2444189,100
Monday June 29,10:20 PM,Multifamily - From The Ground Up,Episode - 001 From Blueprint to Building – The Future of Multifamily Development,NEEDS UPLOAD,,59
Monday June 29,11:00 PM,The apartment department,Season 2 Episode 18 The Future is Automated: Transforming Multifamily Operations with Minna Song,NEEDS UPLOAD,,60
Monday June 29,11:35 PM,The NAA Apartmentcast,Season 2 Episode 12 The NAA Apartmentcast - NAA's Legal Affairs Update,MATCHED,7889104,100
Tuesday June 30,12:35 AM,Multifamily Matters,351 Impact Leadership in Multifamily,MATCHED,2350539,90
Tuesday June 30,1:30 AM,ChangeMakers with Katie Goar,"30 Part:two Brad Hargreaves, Founder and CEO of Common",NEEDS UPLOAD,,65
Tuesday June 30,1:45 AM,The Lease-Up - MHN NAA Insights,NAA Insights: How a Federal Rent Cap Would Harm Housing,MATCHED,2444199,100
Tuesday June 30,2:00 AM,The apartment department,Season 1 Episode 17 Geo-fencing: A Marketer’s Best-Kept Secret,NEEDS UPLOAD,,61
Tuesday June 30,2:45 AM,The NAA Apartmentcast,- The Ripple Effect: Rent Regulation and Its Effects on Housing,MATCHED,7889020,72
Tuesday June 30,2:55 AM,The NAA Apartmentcast,Season 2 Episode 9 and Neighborhood Quality,NEEDS UPLOAD,,45
Tuesday June 30,3:25 AM,Multifamily Matters,337 Unlocking Doors – Meeting Housing Needs Through Adaptive Reuse,MATCHED,2350567,77
Tuesday June 30,4:20 AM,ChangeMakers with Katie Goar,"33 Part:two Richard Sciortino, Co-founder, Brinshore Development",NEEDS UPLOAD,,50
Tuesday June 30,4:40 AM,The Lease-Up - MHN Mission Success,Mission Success: Combining Passion With the Need to Improve Communities,NEEDS UPLOAD,,61
Tuesday June 30,5:10 AM,The apartment department,Season 3 Episode 1 Digital Curb Appeal and the Era of Authenticity with Daniel Paulino,NEEDS UPLOAD,,56
Tuesday June 30,5:40 AM,The NAA Apartmentcast,Season 1 Episode 6 The NAA ApartmentCast - Episode 6,MATCHED,7889010,100
Tuesday June 30,6:00 AM,Multifamily Matters,36 How Can Saving Water Increase Your NOI and Property Value?,MATCHED,2350636,94
Tuesday June 30,6:55 AM,ChangeMakers with Katie Goar,"28 Part:one Zack Giffin, Host of Tiny House Nation and Advocate for the Tiny House Movemen",MATCHED,2444419,78
Tuesday June 30,7:15 AM,The Lease-Up - MHN Mission Success,Mission Success: Serving Middle-Income Residents When Costs Increase,NEEDS UPLOAD,,58
Tuesday June 30,7:45 AM,The apartment department,Season 1 Episode 2 The Role of Internet Listing Services (ILS) in the Marketing Mix,MATCHED,2370803,81
Tuesday June 30,8:10 AM,The NAA Apartmentcast,- Episode 3,NEEDS UPLOAD,,47
Tuesday June 30,8:20 AM,The NAA Apartmentcast,Season 1 Episode 3,MATCHED,2467068,100
Tuesday June 30,8:40 AM,ChangeMakers with Katie Goar,"112 Part:one Tess Hembree, Executive Director of the Council of State Community Development Agencies",MATCHED,2444361,79
Tuesday June 30,9:00 AM,Multifamily - From The Ground Up,Episode - 004 Why Affordable Housing Deals Are Dying,MATCHED,2444151,75
Tuesday June 30,9:40 AM,The Lease-Up - MHN Mission Success,Mission Success: Putting an Entrepreneurial Spin on Multifamily Design,MATCHED,2444190,100
Tuesday June 30,10:00 AM,Multifamily Matters,431 Building A Superhighway To Housing,NEEDS UPLOAD,,55
Tuesday June 30,10:50 AM,The apartment department,"Season 2 Episode 10 AI, Customization, and Humans: The Formula for Leasing Success",MATCHED,2379758,74
Tuesday June 30,11:45 AM,The NAA Apartmentcast,Season 3 Episode 8 The NAA Apartmentcast - What the Final Federal Tax Bill Means for Rental Housing,MATCHED,7889227,100
Tuesday June 30,12:15 PM,The Lease-Up - MHN NAA Insights,NAA Insights: What’s the Future of US Apartment Demand?,MATCHED,2444206,100
Tuesday June 30,12:30 PM,Multifamily Matters,431 Building A Superhighway To Housing,NEEDS UPLOAD,,55
Tuesday June 30,1:20 PM,ChangeMakers with Katie Goar,"97 Part:two Mariah Hayden, Executive Director, New Life Village",MATCHED,2444329,71
Tuesday June 30,2:00 PM,Multifamily - From The Ground Up,Episode - 005 The Affordable Housing Crisis: Beyond Politics and Toward Solutions,NEEDS UPLOAD,,61
Tuesday June 30,2:40 PM,The Lease-Up - MHN Mission Success,Mission Success: Meet Post Brothers' Quarterback,NEEDS UPLOAD,,56
Tuesday June 30,3:10 PM,The apartment department,"Season 2 Episode 10 AI, Customization, and Humans: The Formula for Leasing Success",MATCHED,2379758,74
Tuesday June 30,3:55 PM,The NAA Apartmentcast,Season 2 Episode 10 The NAA Apartmentcast - Mental Health First Aid Training,NEEDS UPLOAD,,65
Tuesday June 30,4:35 PM,Multifamily Matters,365 AI Agents: Your Multifamily Digital Workforce,MATCHED,2350844,93
Tuesday June 30,5:30 PM,ChangeMakers with Katie Goar,"27 Part:two Stephen Norman, Executive Director, King County Housing Authority",NEEDS UPLOAD,,61
Tuesday June 30,6:05 PM,The Lease-Up - MHN Management Diaries,Management Diaries: AI Isn’t Magic,NEEDS UPLOAD,,63
Tuesday June 30,6:30 PM,The apartment department,"Season 2 Episode 3 Innovation Everywhere: Specialization, Centralization, and AI",NEEDS UPLOAD,,69
Tuesday June 30,7:20 PM,Multifamily - From The Ground Up,Episode - 002 Building Through the Cycle: Smart Multifamily Development in Today’s Market,NEEDS UPLOAD,,59
Tuesday June 30,8:00 PM,The NAA Apartmentcast,Season 3 Episode 4 The NAA Apartmentcast - The Ongoing Evolution of Amenity Spaces,MATCHED,7889223,100
Tuesday June 30,8:35 PM,Multifamily Matters,"336 Hey Boomers, Here Come the Zoomers: How to Lead, Coach and Manage Across Multigenerational Teams",MATCHED,2350550,96
Tuesday June 30,9:30 PM,ChangeMakers with Katie Goar,"112 Part:two Tess Hembree, Executive Director of the Council of State Community Development Agencies",MATCHED,2444362,79
Tuesday June 30,9:50 PM,The Lease-Up - MHN Top Marketers,Top Marketers: Branding with a Promise,NEEDS UPLOAD,,68
Tuesday June 30,10:20 PM,The apartment department,Season 2 Episode 8 Multifamily Marketing Today,MATCHED,2444217,82
Tuesday June 30,11:10 PM,The NAA Apartmentcast,Season 4 Episode 2 The NAA Apartmentcast - Sustainable Returns: ESG in Rental Housing,MATCHED,7889035,74
Tuesday June 30,11:55 PM,Multifamily Matters,416 Multifamily’s Next Competitive Advantage Isn’t Technology…it’s Leadership Discipline,NEEDS UPLOAD,,57
Wednesday July 1,12:40 AM,ChangeMakers with Katie Goar,"70 Part:two Kimberly Black King, Chief of Real Estate Development, Volunteers of America",MATCHED,2444270,78
Wednesday July 1,1:00 AM,The Lease-Up - MHN Top Marketers,Top Marketers: The Evolution of Digital Advertising,NEEDS UPLOAD,,61
Wednesday July 1,1:30 AM,The apartment department,Season 3 Episode 11 Performance Management in Multifamily: How to Build a Results-Driven Team,NEEDS UPLOAD,,65
Wednesday July 1,2:25 AM,The NAA Apartmentcast,Season 2 Episode 1 The NAA Apartmentcast - Women in Technology,MATCHED,7889014,100
Wednesday July 1,3:15 AM,Multifamily Matters,377 Fast-Find your ideal residents,MATCHED,2350503,90
Wednesday July 1,4:10 AM,ChangeMakers with Katie Goar,"90 Part:one Andrea Ponsor, President & CEO, Stewards of Affordable Housing for the Future (SAHF)",MATCHED,2444314,78
Wednesday July 1,4:30 AM,The Lease-Up - MHN Student Housing Unlocked,Student Housing Unlocked: Changing the Game Through Thoughtful Design,MATCHED,2444211,100
Wednesday July 1,5:00 AM,The apartment department,Season 3 Episode 6 Renters Decide Before They Tour: The New Reality of Multifamily Marketing,NEEDS UPLOAD,,59
Wednesday July 1,5:55 AM,The NAA Apartmentcast,Season 4 Episode 4 The NAA Apartmentcast - A Rent Dollar's Journey: The Economics Behind Every Step,NEEDS UPLOAD,,66
Wednesday July 1,6:50 AM,Multifamily Matters,165 Great Tools to Keep in Your Multifamily Toolbox and a Couple to Leave Out!,NEEDS UPLOAD,,56
Wednesday July 1,7:45 AM,ChangeMakers with Katie Goar,"44 Part:two Antonio McGinnis, Executive Director, The Huntsville Housing Authority",NEEDS UPLOAD,,56
Wednesday July 1,8:15 AM,The Lease-Up - MHN Top Marketers,"Top Marketers: Integrating ESG, DEI & Philanthropy",NEEDS UPLOAD,,62
Wednesday July 1,9:00 AM,Multifamily - From The Ground Up,Episode - 003 Staying Disciplined Through Uncertainty,NEEDS UPLOAD,,46
Wednesday July 1,9:40 AM,ChangeMakers with Katie Goar,"17 Part:two Alexandra Jackiw, Chief Operating Officer, Hayes Gibson Property Services",NEEDS UPLOAD,,51
Wednesday July 1,10:00 AM,Multifamily Matters,431 Building A Superhighway To Housing,NEEDS UPLOAD,,55
Wednesday July 1,10:50 AM,The apartment department,Season 3 Episode 5 Collaboration and Creativity in Multifamily with Kara Rafferty,NEEDS UPLOAD,,56
Wednesday July 1,11:50 AM,The NAA Apartmentcast,Season 1 Episode 2 The NAA Apartmentcast - Episode 2,MATCHED,7889006,97
Wednesday July 1,12:15 PM,Multifamily Matters,387 Get Better Results With Less Work: Where Automation Makes Sense in Multifamily,MATCHED,2370832,96
Wednesday July 1,1:10 PM,ChangeMakers with Katie Goar,"56 Part:two Peter LiFari, Executive Director, Maiker Housing Partners",MATCHED,2444465,73
Wednesday July 1,1:40 PM,The Lease-Up - MHN Top Marketers,Building Your Personal Brand,MATCHED,2444152,100
Wednesday July 1,1:55 PM,The apartment department,Season 1 Episode 10 Reimagining Apartment Websites: Do Our Prospects Want More?,MATCHED,2370812,79
Wednesday July 1,2:30 PM,Multifamily - From The Ground Up,Episode - 003 Staying Disciplined Through Uncertainty,NEEDS UPLOAD,,46
Wednesday July 1,3:30 PM,Multifamily Matters,431 Building A Superhighway To Housing,NEEDS UPLOAD,,55
Wednesday July 1,4:20 PM,The NAA Apartmentcast,Season 3 Episode 16 The NAA Apartmentcast Sponsor Series – Leonardo247 – Proptech and AI that Performs: Strategies to Drive NOI Growth for Your Unique Operations in 2026,MATCHED,7889236,100
Wednesday July 1,4:50 PM,ChangeMakers with Katie Goar,"126 Joaquín Cintrón Vega, CEO, Denver Housing Authority",MATCHED,2468399,100
Wednesday July 1,5:40 PM,The Lease-Up - MHN Quarterly with NMHC,Is Student Housing Really Recession-Proof?,MATCHED,2444163,100
Wednesday July 1,6:05 PM,The apartment department,Season 3 Episode 3 Community Engagement Strategy for Multifamily Occupancy with Ben Pleat,NEEDS UPLOAD,,59
Wednesday July 1,7:00 PM,Multifamily - From The Ground Up,Episode - 001 From Blueprint to Building – The Future of Multifamily Development,NEEDS UPLOAD,,59
Wednesday July 1,7:40 PM,The NAA Apartmentcast,Season 2 Episode 17 The NAA Apartmentcast - Women in Technology Episode 3,MATCHED,7889219,100
Wednesday July 1,8:40 PM,Multifamily Matters,369 Modeling Success for Multifamily Affordable Housing,MATCHED,2350832,94
Wednesday July 1,9:35 PM,ChangeMakers with Katie Goar,"45 Part:two Emily Cadik, Executive Director, Affordable Housing Tax Credit Coalition",MATCHED,2444443,77
Wednesday July 1,10:05 PM,The apartment department,Season 3 Episode 4 AI Fluency: Moving from Concept to Practice in Multifamily,NEEDS UPLOAD,,65
Wednesday July 1,11:15 PM,The NAA Apartmentcast,Season 3 Episode 10 The NAA Apartmentcast - Dive into New Rental Housing Research with NAA's George Ratiu,MATCHED,7889229,100
Thursday July 2,12:05 AM,Multifamily Matters,6 The Best Ways to Deal With Difficult Residents at Multifamily Properties,NEEDS UPLOAD,,67
Thursday July 2,1:00 AM,ChangeMakers with Katie Goar,"24 Part:two Kate Bennett, Administrator, Boston Housing Authority",NEEDS UPLOAD,,51
Thursday July 2,1:25 AM,The Lease-Up - MHN Mission Success,": S5 EP9 Mission Success: Multifamily Remains Compelling, Says Finance Specialist",NEEDS UPLOAD,,61
Thursday July 2,1:40 AM,The apartment department,Season 3 Episode 7 Jillian Fikkert on Earning a Seat at the Table: How Marketing Leaders Build Internal Influence,NEEDS UPLOAD,,53
Thursday July 2,2:35 AM,The NAA Apartmentcast,Season 1 Episode 7 The NAA ApartmentCast - 2023 Dollar of Rent,MATCHED,7889011,100
Thursday July 2,3:00 AM,Multifamily Matters,84 Artificial Intelligence – A Seamless Experience,MATCHED,2350590,93
Thursday July 2,3:55 AM,ChangeMakers with Katie Goar,"39 Part:one Daniel Nissenbaum, Chief Executive Officer, Low Income Investment Fund",NEEDS UPLOAD,,57
Thursday July 2,4:20 AM,The Lease-Up - MHN Mission Success,Mission Success: Maximizing Multifamily NOI Through Flex Living,MATCHED,2444188,100
Thursday July 2,4:50 AM,The apartment department,Season 1 Episode 12 Multifamily Marketing Words of Wisdom,MATCHED,2444217,76
Thursday July 2,5:35 AM,The NAA Apartmentcast,Season 2 Episode 5 The NAA Apartmentcast - Women in Technology Episode 2,MATCHED,7889219,98
Thursday July 2,6:15 AM,Multifamily Matters,134 Access Control in the COVID-19 Era for Multifamily Properties,NEEDS UPLOAD,,64
Thursday July 2,7:10 AM,ChangeMakers with Katie Goar,"43 Part:one Anu Natarajan, Housing Initiative Lead, Meta",NEEDS UPLOAD,,68
Thursday July 2,7:25 AM,The Lease-Up - MHN Mission Success,Mission Success: Serving Neighborhoods Through Workforce Housing,MATCHED,2444193,100
Thursday July 2,7:45 AM,The apartment department,Season 1 Episode 4 Foolproof Way to Increase Conversion Rates: The Power of Follow-Ups,MATCHED,2370805,81
Thursday July 2,8:20 AM,The NAA Apartmentcast,Season 3 Episode 11 The NAA Apartmentcast - What's Up in Washington? Talking Housing Policy with NAA's Nicole Upano,MATCHED,7889230,100
Thursday July 2,9:00 AM,Multifamily - From The Ground Up,Episode - 004 Why Affordable Housing Deals Are Dying,MATCHED,2444151,75
Thursday July 2,9:40 AM,ChangeMakers with Katie Goar,"31 Part:two Sister Donna Markham, President and CEO, Catholic Charities USA",NEEDS UPLOAD,,52
Thursday July 2,10:00 AM,Multifamily Matters,431 Building A Superhighway To Housing,NEEDS UPLOAD,,55
Thursday July 2,10:50 AM,The Lease-Up - MHN Top Marketers,Why Change Makes Sense in Marketing,NEEDS UPLOAD,,66
Thursday July 2,11:20 AM,The apartment department,Season 1 Episode 11 Staying Ahead of the Curve: Pushing Multifamily Marketing Forward with Debbie Balaker,MATCHED,2370813,84
Thursday July 2,12:00 PM,The NAA Apartmentcast,Season 3 Episode 7 The NAA Apartmentcast - A Conversation with NAAEI President Kelli Lea,MATCHED,7889226,100
Thursday July 2,12:30 PM,Multifamily Matters,431 Building A Superhighway To Housing,NEEDS UPLOAD,,55
Thursday July 2,1:20 PM,ChangeMakers with Katie Goar,"2 Part:one Demetria Simpson, Vice President of Development at BGC Advantage",NEEDS UPLOAD,,52
Thursday July 2,2:00 PM,Multifamily - From The Ground Up,Episode - 005 The Affordable Housing Crisis: Beyond Politics and Toward Solutions,NEEDS UPLOAD,,61
Thursday July 2,2:40 PM,The Lease-Up - MHN Top Marketers,Reviewing for Success: Why Reputation Matters,NEEDS UPLOAD,,60
Thursday July 2,3:15 PM,The apartment department,Season 1 Episode 9 Changing the Apartment Marketing Game: The Shift in Search Behavior,MATCHED,2370811,77
Thursday July 2,4:00 PM,The NAA Apartmentcast,Season 1 Episode 10 The NAA Apartmentcast - Federal Legislative and Regulatory Update,MATCHED,7889221,78
Thursday July 2,4:45 PM,Multifamily Matters,279 Struggles to Strength,MATCHED,2350855,86
Thursday July 2,5:40 PM,ChangeMakers with Katie Goar,"6 Part:two Preston Prince, CEO of Fresno Housing",NEEDS UPLOAD,,57
Thursday July 2,5:05 PM,The Lease-Up - MHN Mission Success,: S5 EP4 Mission Success: Providing Homes Is a Sacred Duty for This Avanath EVP,MATCHED,2467053,98
Thursday July 2,5:30 PM,The apartment department,Season 2 Episode 4 The Art of Efficiency: Smarter Marketing,NEEDS UPLOAD,,61
Thursday July 2,6:15 PM,Multifamily - From The Ground Up,Episode - 002 Building Through the Cycle: Smart Multifamily Development in Today’s Market,NEEDS UPLOAD,,59
Thursday July 2,6:55 PM,The NAA Apartmentcast,Season 2 Episode 15 The NAA Apartmentcast - Examining Q3 Results of NAA and John Burns Research & Consulting's Investor and Developer Survey,MATCHED,7889204,100
Thursday July 2,7:50 PM,Multifamily Matters,161 Multifamily Property Management…Re-Invented,MATCHED,2350729,100
Thursday July 2,8:45 PM,ChangeMakers with Katie Goar,"25 Part:two Evette Hester, Executive Director and CEO Housing Authority of New Orleans",NEEDS UPLOAD,,63
Thursday July 2,9:05 PM,The Lease-Up - MHN Mission Success,Mission Success: Why Work in Affordable Housing?,MATCHED,2444195,100
Thursday July 2,9:25 PM,The apartment department,Season 2 Episode 16 Cleaning Up the Noise: Establishing a True Data Strategy with Marge Enrique,NEEDS UPLOAD,,57
Thursday July 2,10:20 PM,The NAA Apartmentcast,Season 2 Episode 14 The NAA Apartmentcast - NAA's Eviction Moratorium Lawsuit Update,MATCHED,7889132,100
Thursday July 2,10:55 PM,Multifamily Matters,"196 How to Recruit, Engage, and Retain High Performing Multifamily Teams",NEEDS UPLOAD,,67
Thursday July 2,11:50 PM,ChangeMakers with Katie Goar,"74 Part:one Mark Thiele, Chief Executive Officer, NAHRO",NEEDS UPLOAD,,68
Friday July 3,12:15 AM,The Lease-Up - MHN Top Marketers,Top Marketers: Building a Family of Brands,MATCHED,2444220,100
Friday July 3,12:50 AM,The apartment department,Season 2 Episode 5 600 Secret Shops Revealed: Fixing the Fractured Prospect Journey,MATCHED,2370825,83
Friday July 3,1:40 AM,The NAA Apartmentcast,Season 1 Episode 1 The NAA Apartmentcast - Episode 1,MATCHED,7889006,100
Friday July 3,2:15 AM,Multifamily Matters,34 The Importance of Qualified Vendors and General Contractors,MATCHED,2350401,94
Friday July 3,3:10 AM,ChangeMakers with Katie Goar,"77 Part:two Stacey Epperson, President and Founder, Next Step Network",MATCHED,2444285,73
Friday July 3,3:30 AM,The Lease-Up - MHN Mission Success,Mission Success: Lynn Jerath on Purpose-Led Investing in Senior Housing,NEEDS UPLOAD,,58
Friday July 3,4:05 AM,The apartment department,"Season 1 Episode 16 The Future is Now: Brand Strategies, Gap Analysis, and Standing Out",MATCHED,2370818,72
Friday July 3,4:55 AM,The NAA Apartmentcast,"Season 1 Episode 8 The NAA ApartmentCast - Diversity, Equity and Inclusion",NEEDS UPLOAD,,65
Friday July 3,5:45 AM,Multifamily Matters,4 Asset Preservation and Capital Imporvement at Multifamily Properties,NEEDS UPLOAD,,61
Friday July 3,6:35 AM,ChangeMakers with Katie Goar,"105 Part:two Vincent Atchity, Ph.D., President & CEO of Mental Health Colorado",MATCHED,2444346,74
Friday July 3,7:00 AM,The Lease-Up - MHN Top Marketers,Moe Vela on Making Your Community Inclusive,MATCHED,2444197,100
Friday July 3,7:35 AM,The apartment department,Season 2 Episode 11 Turbocharge your Google Ranking with Hyper-Effective Local Pages: An AI Love Story,NEEDS UPLOAD,,50
Friday July 3,8:30 AM,The NAA Apartmentcast,"Season 4 Episode 3 The NAA Apartmentcast - Apartments, Advocacy and Action: What We're Taking to Congress",NEEDS UPLOAD,,60
Friday July 3,9:00 AM,ChangeMakers with Katie Goar,"51 Part:one Jeff Olivet, Executive Director, USICH",NEEDS UPLOAD,,53
Friday July 3,9:20 AM,The Lease-Up - MHN Top Marketers,Top Marketers: Aligning Marketing as a Strategic Partnership,MATCHED,2444219,100
Friday July 3,10:00 AM,Multifamily - From The Ground Up,Episode - 003 Staying Disciplined Through Uncertainty,NEEDS UPLOAD,,46
Friday July 3,10:40 AM,ChangeMakers with Katie Goar,"30 Part:one Brad Hargreaves, Founder and CEO of Common",NEEDS UPLOAD,,68
Friday July 3,11:00 AM,Multifamily Matters,431 Building A Superhighway To Housing,NEEDS UPLOAD,,55
Friday July 3,11:50 AM,The Lease-Up - MHN Mission Success,Tips for Motivating Teams in Multifamily,NEEDS UPLOAD,,65
Friday July 3,12:20 PM,The apartment department,Season 3 Episode 1 Digital Curb Appeal and the Era of Authenticity with Daniel Paulino,NEEDS UPLOAD,,56
Friday July 3,1:00 PM,Multifamily - From The Ground Up,Episode - 001 From Blueprint to Building – The Future of Multifamily Development,NEEDS UPLOAD,,59
Friday July 3,1:40 PM,ChangeMakers with Katie Goar,"98 Part:two Ned Williams, Executive Vice President, The Michaels Organization",MATCHED,2444331,75
Friday July 3,2:00 PM,Multifamily Matters,431 Building A Superhighway To Housing,NEEDS UPLOAD,,55
Friday July 3,2:50 PM,The Lease-Up - MHN Mission Success,Navigating Today's Construction Labor Market,MATCHED,2444207,100
Friday July 3,3:25 PM,The NAA Apartmentcast,- A Conversation with HUD Principal Deputy Assistant Secretary,MATCHED,7889019,75
Friday July 3,3:35 PM,The NAA Apartmentcast,Season 2 Episode 7 Richard Monocchio,NEEDS UPLOAD,,47
Friday July 3,4:30 PM,ChangeMakers with Katie Goar,"16 Part:two Kelvin Jeremiah, President and CEO, Philadelphia Housing Authority",NEEDS UPLOAD,,56
Friday July 3,4:55 PM,The Lease-Up - MHN Mission Success,How to Manage Through People’s Hardships,MATCHED,2444161,100
Friday July 3,5:20 PM,The apartment department,Season 2 Episode 15 From 4.5 Stars to ROI: Opiniion's Data-Driven Approach to Resident Satisfaction,NEEDS UPLOAD,,52
Friday July 3,6:15 PM,The NAA Apartmentcast,Season 3 Episode 12 The NAA Apartmentcast - Are You Ready to 'Cultivate' Your Company and Career?,MATCHED,7889231,100
Friday July 3,6:50 PM,Multifamily - From The Ground Up,Episode - 004 Why Affordable Housing Deals Are Dying,MATCHED,2444151,75
Friday July 3,7:30 PM,Multifamily Matters,345 Creating Culture and Continuous Growth in Multifamily,MATCHED,2350499,94
Friday July 3,8:25 PM,ChangeMakers with Katie Goar,"130 Lauren Taylor Dreher, Founder, Bear Impact Fun",NEEDS UPLOAD,,47
Friday July 3,9:20 PM,The Lease-Up - MHN Mission Success,Mission Success: Leaving a Mark on Nashville's Multifamily Scene,MATCHED,2444187,100
Friday July 3,9:45 PM,The apartment department,Season 1 Episode 14 Speed to Lease: Using AI and Tech for Lease Acceleration,MATCHED,2370816,70
Friday July 3,10:35 PM,The NAA Apartmentcast,Season 1 Episode 5 The NAA ApartmentCast - Episode 5,MATCHED,7889009,100
Friday July 3,11:10 PM,Multifamily Matters,223 How Market Conditions Are Forcing Changes in Multifamily Operations,MATCHED,2350750,95
Saturday July 4,12:05 AM,ChangeMakers with Katie Goar,"38 Part:two Vivian Brady-Phillips, Executive Director, Jersey City Housing Authority",NEEDS UPLOAD,,59
Saturday July 4,12:20 AM,The Lease-Up - MHN Mission Success,: S5 EP3 Mission Success: Finding Strength to Keep Going After Wildfires,MATCHED,2467142,95
Saturday July 4,12:55 AM,The apartment department,Season 1 Episode 1 Welcome to the Apartment Department,MATCHED,2370802,70
Saturday July 4,1:20 AM,The NAA Apartmentcast,Season 3 Episode 3 The NAA Apartmentcast - Lessons From a Career in,MATCHED,7889222,74
Saturday July 4,1:55 AM,Multifamily Matters,152 Women in Leadership Positions in Multifamily Real Estate,MATCHED,2350670,94
Saturday July 4,2:50 AM,ChangeMakers with Katie Goar,"96 Part:two Aaron Darden, President & CEO, Tulsa Housing",NEEDS UPLOAD,,67
Saturday July 4,3:25 AM,The Lease-Up - MHN Mission Success,Mission Success: Preserving a Strong Company Culture in the Age of Hybrid Work,MATCHED,2444186,71
Saturday July 4,3:50 AM,The apartment department,Season 1 Episode 8 Branding & Resident Retention: Resetting Our Standards,NEEDS UPLOAD,,69
Saturday July 4,4:50 AM,The NAA Apartmentcast,Season 3 Episode 1 The NAA Apartmentcast - Behind the High Cost of Rent,MATCHED,7889220,100
Saturday July 4,5:25 AM,Multifamily Matters,271 Here’s What I’m Hearing About Multifamily,MATCHED,2350861,92
Saturday July 4,6:20 AM,ChangeMakers with Katie Goar,"11 Part:two Stacy Spann, Executive Director, Housing Opportunities Commission of Montgomery County",NEEDS UPLOAD,,54
Saturday July 4,6:40 AM,The Lease-Up - MHN Mission Success,Mission Success: The Barrier for Women in Proptech Isn't Capability—It's Access,NEEDS UPLOAD,,55
Saturday July 4,7:00 AM,The apartment department,Season 2 Episode 9 Supporting a Prospect First Experience with Technology,MATCHED,2370829,72
Saturday July 4,7:40 AM,The NAA Apartmentcast,Season 2 Episode 16 The NAA Apartmentcast - A Q3 Conversation with NAAEI President Kim Hurd,MATCHED,7889218,100
Saturday July 4,8:20 AM,Multifamily Matters,115 Performing Multifamily Maintenance During COVID-19,MATCHED,2350766,100
Saturday July 4,9:15 AM,ChangeMakers with Katie Goar,"102 Part:two Carol Jones-Gilbert, Chief Executive Officer, Palm Beach County Housing Authority",MATCHED,2444340,78
Saturday July 4,9:35 AM,The Lease-Up - MHN Mission Success,Women in Multifamily Construction: Building a Career,MATCHED,2444243,100
Saturday July 4,9:55 AM,Multifamily - From The Ground Up,Episode - 005 The Affordable Housing Crisis: Beyond Politics and Toward Solutions,NEEDS UPLOAD,,61
Saturday July 4,10:35 AM,The apartment department,Season 2 Episode 6 Are you Ready for the Future? Video Marketing 101,NEEDS UPLOAD,,68
Saturday July 4,11:20 AM,The NAA Apartmentcast,Season 2 Episode 11 The NAA Apartmentcast - Let's Talk Rental Housing Maintenance,MATCHED,7889035,100
Saturday July 4,12:15 PM,Multifamily Matters,8 Apartment Ratings and How They Affect Your Online Reputation,MATCHED,2350611,94
Saturday July 4,1:10 PM,ChangeMakers with Katie Goar,"118 Paige Lohoefer, Founder of The Birthday Party Project",NEEDS UPLOAD,,68
Saturday July 4,1:50 PM,The Lease-Up - MHN Top Marketers,Top Marketers: Where Sports and Hospitality Shape Multifamily,MATCHED,2444236,100
Saturday July 4,2:20 PM,The apartment department,Season 2 Episode 7 Why Can't We All Just Get Along? The Argument for Unified Multifamily Marketing,MATCHED,2370827,78
Saturday July 4,3:30 PM,The NAA Apartmentcast,Season 1 Episode 4 The NAA Apartmentcast - Episode 4,MATCHED,7889008,100
Saturday July 4,4:00 PM,Multifamily - From The Ground Up,Episode - 002 Building Through the Cycle: Smart Multifamily Development in Today’s Market,NEEDS UPLOAD,,59
Saturday July 4,4:40 PM,Multifamily Matters,175 The Impact of Human Trafficking in Multifamily,MATCHED,2350185,100
Saturday July 4,5:35 PM,ChangeMakers with Katie Goar,"71 Part:two Capri Roth, Executive VP of Real Estate Development, East Bay Asian Local Development Corporation",MATCHED,2444272,81
Saturday July 4,5:55 PM,The Lease-Up - MHN Student Housing Unlocked,Student Housing Unlocked: The Equation Behind Success in a Localized Sector,MATCHED,2444213,100
Saturday July 4,6:25 PM,The apartment department,Season 1 Episode 3 Time is Money: Reducing Average Days Vacant for Increased Revenue,MATCHED,2370804,81
Saturday July 4,7:00 PM,Multifamily - From The Ground Up,Episode - 003 Staying Disciplined Through Uncertainty,NEEDS UPLOAD,,46
Saturday July 4,7:40 PM,The NAA Apartmentcast,Season 1 Episode 9 The NAA Apartmentcast - Apartment Career Journeys - Katie Wrenn,MATCHED,7889013,85
Saturday July 4,8:20 PM,Multifamily Matters,147 Keys to Stabilizing Underperforming Multifamily Assets During a Pandemic,MATCHED,2350175,95
Saturday July 4,9:15 PM,ChangeMakers with Katie Goar,"11 Part:one Stacy Spann, Executive Director, Housing Opportunities Commission of Montgomery County",NEEDS UPLOAD,,54
Saturday July 4,9:30 PM,The Lease-Up - MHN Quarterly with NMHC,Quarterly with NMHC: New Supply Has Hit. Now What?,MATCHED,2444209,100
Saturday July 4,9:50 PM,The apartment department,Season 3 Episode 2 Automating the Routine to Elevate the Human Experience: AI Success with Arthur Kosmider and Brent Camp,NEEDS UPLOAD,,58
Saturday July 4,10:25 PM,The NAA Apartmentcast,Season 2 Episode 8 The NAA Apartmentcast - A Q2 Conversation with NAAEI President Kim Hurd,MATCHED,7889218,99
Saturday July 4,10:50 PM,Multifamily Matters,371 Stopping Fraud With a Multilayered Approach,MATCHED,2350551,92
Saturday July 4,11:45 PM,ChangeMakers with Katie Goar,"35 Part:one Margaret Salazar, Executive Director, Oregon Housing & Community Service",NEEDS UPLOAD,,53
Sunday July 5,12:10 AM,The Lease-Up - MHN Top Marketers,Top Marketers: A Design Firm’s Necessities,MATCHED,2468398,100
Sunday July 5,12:35 AM,The apartment department,Season 2 Episode 2 Inside the Mind of an Operator: Stacey Hampton on Solving Occupancy Challenges and Selling Marketing,MATCHED,2370822,86
Sunday July 5,1:25 AM,The NAA Apartmentcast,"Season 3 Episode 15 The NAA Apartmentcast - Affordable Housing: Small Owners, Big Impact",MATCHED,7889235,100
Sunday July 5,2:20 AM,Multifamily Matters,38 Selling Your Product in a Competitive Market – Tips for Your Sales Team,MATCHED,2350629,95
Sunday July 5,3:15 AM,ChangeMakers with Katie Goar,"65 Part:two Patricia Wells, Executive Director, Oakland Housing Authority",MATCHED,2444260,74
Sunday July 5,3:40 AM,The Lease-Up - MHN Management Diaries,Management Diaries: How the Right Upgrades Elevate the Resident Experience and ROI,MATCHED,2444170,100
Sunday July 5,4:10 AM,The apartment department,"Season 1 Episode 13 The Blueprint Edition: AI, The Property Brothers, Data, Role Specialization, & Everything In-Between",MATCHED,2370815,86
Sunday July 5,5:15 AM,The NAA Apartmentcast,Season 3 Episode 9 The NAA Apartmentcast Sponsor Series - Yardi - AI for Everyone: Making Smart Tech Accessible to Small & Mid-Sized Operators,MATCHED,7889228,100
Sunday July 5,5:50 AM,Multifamily Matters,303 25 Years of Multifamily Revenue Management Insights to Shape Future,MATCHED,2350701,95
Sunday July 5,6:45 AM,ChangeMakers with Katie Goar,"106 Part:one Ailrick D. Young, Sr., Executive Director, City of Laurel Housing Authority",MATCHED,2444347,76
Sunday July 5,7:10 AM,The Lease-Up - MHN Top Marketers,Top 5 Multifamily Marketing Trends,MATCHED,2444217,100
Sunday July 5,7:30 AM,The apartment department,Season 2 Episode 18 The Future is Automated: Transforming Multifamily Operations with Minna Song,NEEDS UPLOAD,,60
Sunday July 5,8:15 AM,The NAA Apartmentcast,Season 2 Episode 13 The NAA Apartmentcast - Spotlight on Independent Rental Owners,MATCHED,7889131,100
Sunday July 5,9:20 AM,Multifamily - From The Ground Up,Episode - 001 From Blueprint to Building – The Future of Multifamily Development,NEEDS UPLOAD,,59
Sunday July 5,10:00 AM,Multifamily Matters,72 Everything You Wanted to Know About Leasing – But Were Afraid to Ask,NEEDS UPLOAD,,61
Sunday July 5,10:55 AM,ChangeMakers with Katie Goar,"67 Part:two Sunny Shaw, Executive Director, Twin Falls & Jerome Housing Authorities",MATCHED,2444264,76
Sunday July 5,11:20 AM,The Lease-Up - MHN Mission Success,Meet The NRP Group’s First Female Principals,NEEDS UPLOAD,,49
Sunday July 5,11:55 AM,The apartment department,Season 1 Episode 17 Geo-fencing: A Marketer’s Best-Kept Secret,NEEDS UPLOAD,,61
Sunday July 5,12:40 PM,The NAA Apartmentcast,Season 2 Episode 4 The NAA Apartmentcast - It's RPM Careers Week!,MATCHED,7889017,100
Sunday July 5,1:30 PM,Multifamily - From The Ground Up,Episode - 004 Why Affordable Housing Deals Are Dying,MATCHED,2444151,75
Sunday July 5,2:10 PM,Multifamily Matters,424 Multifamily Leadership Teams that Win,NEEDS UPLOAD,,63
Sunday July 5,3:20 PM,ChangeMakers with Katie Goar,"8 Part:one Jason Géno, Founder and Managing Principal of Human Capital Initiatives",NEEDS UPLOAD,,54
Sunday July 5,3:40 PM,The Lease-Up - MHN Mission Success,Architecture With a Problem-Solving Attitude,NEEDS UPLOAD,,53
Sunday July 5,4:10 PM,The apartment department,Season 1 Episode 2 The Role of Internet Listing Services (ILS) in the Marketing Mix,MATCHED,2370803,81
Sunday July 5,4:35 PM,The NAA Apartmentcast,Season 2 Episode 3 The NAA Apartmentcast - A Conversation with NAAEI President Kim Hurd,MATCHED,7889016,100
Sunday July 5,5:10 PM,Multifamily Matters,129 8 Post-COVID Multifamily Property Management Predictions,MATCHED,2350630,94
Sunday July 5,6:05 PM,ChangeMakers with Katie Goar,"29 Part:two Deborah De Santis, President and CEO, Corporation for Supportive Housing",MATCHED,2444457,77
Sunday July 5,6:25 PM,The Lease-Up - MHN Mission Success,Keeping the Finger on the Multifamily Pulse,MATCHED,2444164,100
Sunday July 5,6:55 PM,The apartment department,Season 1 Episode 15 Spotlight on Property Websites: Building for the Future,NEEDS UPLOAD,,69
Sunday July 5,7:55 PM,Multifamily - From The Ground Up,Episode - 005 The Affordable Housing Crisis: Beyond Politics and Toward Solutions,NEEDS UPLOAD,,61
Sunday July 5,8:35 PM,The NAA Apartmentcast,Season 1 Episode 12 The NAA Apartmentcast - Apartment Career Journeys - Kayla Quint,MATCHED,7889013,100
Sunday July 5,9:20 PM,Multifamily Matters,307 Financial Foresight: Mastering Budgets in the Multifamily Market,MATCHED,2350639,95
Sunday July 5,10:15 PM,ChangeMakers with Katie Goar,"114 Part:two Sarah Kahn, President & CEO, Housing Forward",NEEDS UPLOAD,,67
Sunday July 5,10:35 PM,The Lease-Up - MHN Mission Success,"Mission Success: Why NYC Needs More Diverse, Inclusive Housing",MATCHED,2444194,100
Sunday July 5,11:05 PM,The apartment department,"Season 2 Episode 10 AI, Customization, and Humans: The Formula for Leasing Success",MATCHED,2379758,74
Sunday July 5,11:50 PM,The NAA Apartmentcast,Season 3 Episode 14 The NAA Apartmentcast - A Q4 Conversation with NAAEI President Kelli Lea,MATCHED,7889233,100
